activity,rate_Total,rate_Male,rate_Female,rate_15-17,rate_18-24,rate_25-34,rate_35-44,rate_45-54,rate_55-64,rate_65+,participants_Total,participants_Male,participants_Female,participants_15-17,participants_18-24,participants_25-34,participants_35-44,participants_45-54,participants_55-64,participants_65+
Adventure racing,0.00072,0.00086,0.00051,0.0,0.0019,0.0013,0.00098,0.00065,0.0,7e-05,16342,9490,5806,0,4712,5309,3794,2175,0,354
Air sports,0.00224,0.00313,0.0014,0.00352,0.00506,0.0039,0.00216,0.00122,0.00117,0.00056,50734,34679,16055,3556,12552,15891,8371,4092,3601,2670
Archery,0.00179,0.00243,0.00119,0.00283,0.00161,0.00293,0.00276,0.00192,0.00108,0.00029,40602,26956,13646,2855,3982,11925,10713,6424,3332,1371
"Athletics, track and field",0.01318,0.01739,0.00921,0.05753,0.02925,0.02133,0.01076,0.00598,0.00316,0.00198,298311,192948,105364,58056,72476,86809,41792,19972,9758,9448
Australian football,0.02417,0.03807,0.01084,0.06035,0.06006,0.04751,0.02073,0.01381,0.00447,0.00075,547129,422275,123909,60908,148853,193357,80489,46154,13812,3555
BMX,0.00028,0.00032,0.00025,0.0,0.00042,0.00025,0.00061,0.00057,0.0,0.0,6337,3504,2833,0,1039,1015,2384,1899,0,0
Badminton,0.01886,0.02227,0.01559,0.0907,0.04186,0.02968,0.01727,0.00815,0.00307,0.00149,426925,247052,178209,91536,103744,120798,67048,27230,9494,7075
Baseball,0.00309,0.00467,0.00159,0.00715,0.00545,0.00474,0.00396,0.00367,0.00055,0.00015,70050,51847,18204,7220,13512,19274,15366,12265,1711,704
Basketball,0.04526,0.06836,0.02303,0.17279,0.11687,0.06163,0.04837,0.02617,0.00784,0.0021,1024360,758262,263310,174376,289627,250822,187823,87488,24246,9978
Baton twirling,0.00012,0.00015,8e-05,0.0,0.00021,0.00024,0.0,0.00035,0.0,0.0,2672,1711,961,0,513,992,0,1167,0,0
Biathlon,6e-05,0.00012,0.0,0.0,0.00027,0.0,0.00017,0.0,0.0,0.0,1309,1309,0,0,659,0,650,0,0,0
Billiards/Snooker/Pool,0.00304,0.00425,0.00189,0.00425,0.00392,0.00486,0.00274,0.00253,0.00259,0.00166,68765,47120,21645,4285,9711,19770,10621,8457,8005,7918
Bobsledding,2e-05,0.0,4e-05,0.0,0.0,0.0,0.0,0.00013,0.0,0.0,428,0,428,0,0,0,0,428,0,0
Bocce/Boules,0.00014,0.00013,0.00015,0.0,0.0,0.0,0.00036,0.0,0.00045,8e-05,3157,1426,1731,0,0,0,1399,0,1385,373
Boccia,0.0,0.0,0.0,0.0,0.0,0.0,0.0,0.0,0.0,0.0,0,0,0,0,0,0,0,0,0,0
Body building,0.00041,0.00076,8e-05,0.0,0.001,0.00132,0.00018,0.0,0.0,0.00016,9330,8429,901,0,2488,5363,711,0,0,768
Boomerang throwing,0.00015,0.00031,0.0,0.0021,0.0,0.00014,0.00018,0.0,0.0,0.0,3392,3392,0,2123,0,568,701,0,0,0
Bowls,0.00834,0.0111,0.00575,0.00147,0.00093,0.00288,0.00238,0.00425,0.01007,0.02494,188846,123100,65746,1486,2293,11740,9238,14198,31116,118775
Boxing,0.00848,0.00972,0.00728,0.00982,0.01753,0.01571,0.00961,0.00745,0.00319,0.00054,191913,107777,83242,9906,43450,63915,37324,24899,9855,2564
Broomball,2e-05,0.0,5e-05,0.0,0.0,0.0,0.00014,0.0,0.0,0.0,546,0,546,0,0,0,546,0,0,0
Bush walking,0.17468,0.16302,0.186,0.14605,0.17332,0.20301,0.21448,0.19691,0.19549,0.09568,3953952,1808265,2126762,147391,429534,826183,832776,658178,604298,455592
Calisthenics,0.00359,0.00557,0.00171,0.01226,0.00688,0.00519,0.00332,0.00251,0.00178,0.00085,81353,61752,19601,12368,17043,21132,12879,8400,5496,4036
Campdrafting,0.00013,5e-05,0.00021,0.0,0.00028,0.00046,0.0,0.0,0.0,8e-05,2930,541,2389,0,682,1855,0,0,0,393
Canoeing/Kayaking,0.00997,0.01034,0.00959,0.00664,0.00638,0.00972,0.01127,0.01254,0.01476,0.00676,225560,114648,109683,6705,15803,39569,43754,41907,45618,32204
Circus,0.00034,0.0001,0.00057,0.00206,0.00049,0.00082,0.00026,0.0,0.0,0.0,7650,1099,6551,2074,1211,3349,1016,0,0,0
Cricket,0.02492,0.04249,0.00796,0.08431,0.0483,0.03543,0.02674,0.01969,0.00991,0.00309,563967,471299,90998,85087,119687,144192,103839,65828,30629,14705
Croquet,0.00088,0.00072,0.00105,0.0,0.00015,0.00015,0.00014,0.0,0.00044,0.00359,20003,8007,11996,0,383,624,536,0,1362,17098
Crossfit/Functional fitness,0.00648,0.00547,0.00747,0.00159,0.00493,0.01295,0.0108,0.00634,0.00397,0.00099,146573,60688,85361,1600,12208,52683,41924,21176,12258,4723
Curling,0.0001,0.00011,9e-05,0.0,0.0,0.0,0.00057,0.0,0.0,0.0,2213,1197,1016,0,0,0,2213,0,0,0
Cycling,0.08294,0.10432,0.06252,0.06657,0.0559,0.07121,0.09259,0.11588,0.11952,0.05576,1877339,1157189,714844,67186,138523,289821,359518,387336,369466,265489
DanceSport,0.01123,0.00276,0.01916,0.03709,0.02579,0.01262,0.0105,0.00701,0.00656,0.00356,254166,30666,219107,37428,63907,51380,40775,23436,20276,16964
Dancing (recreational),0.01629,0.00491,0.02717,0.02626,0.02418,0.01894,0.01703,0.01229,0.01136,0.01321,368719,54454,310682,26498,59924,77100,66112,41081,35122,62883
Darts,0.00162,0.00216,0.00112,0.0,0.00266,0.00137,0.00164,0.00167,0.00211,0.00128,36751,23959,12792,0,6592,5583,6364,5583,6516,6113
Diving,0.0005,0.00065,0.00036,0.0,0.00189,0.00034,0.00043,0.00033,0.00051,0.00017,11252,7158,4094,0,4682,1389,1677,1102,1582,819
Dodgeball,0.00077,0.00072,0.00082,0.00492,0.00143,0.00161,0.0006,0.0,0.0,0.0,17376,8035,9341,4962,3552,6542,2320,0,0,0
Dragon boat racing,0.0007,0.00058,0.00082,0.0,0.00033,0.00036,0.00069,0.00083,0.00149,0.00073,15825,6475,9350,0,822,1466,2695,2770,4592,3480
Eight ball,0.00027,0.0003,0.00024,0.0,0.00085,0.00043,0.0,0.00011,0.00021,0.00027,6104,3329,2775,0,2104,1733,0,360,641,1266
Equestrian,0.00442,0.00141,0.00738,0.00546,0.00682,0.00573,0.00445,0.00411,0.00592,0.00103,99949,15591,84357,5508,16907,23320,17276,13741,18292,4905
Fencing,0.00045,0.00051,0.0004,0.00145,0.00158,0.0006,0.0,0.00051,0.0,0.00016,10275,5687,4587,1462,3915,2443,0,1706,0,749
Fishing (recreational),0.0107,0.01694,0.00466,0.01074,0.00664,0.00927,0.00964,0.01439,0.01553,0.00918,242244,187937,53301,10836,16448,37709,37428,48090,48008,43723
Fitness/Gym,0.34102,0.33102,0.35078,0.37322,0.43441,0.42064,0.36393,0.32926,0.29525,0.23683,7719043,3671867,4010870,376652,1076583,1711890,1413027,1100531,912669,1127691
Floorball,0.00028,0.00028,0.00029,0.00165,0.00053,0.00045,0.00041,0.0,0.0,0.0,6395,3089,3306,1666,1311,1841,1577,0,0,0
Flying disc,0.00249,0.00292,0.00205,0.00678,0.00698,0.00357,0.00199,0.00173,0.00099,0.00023,56342,32434,23423,6846,17301,14529,7734,5783,3067,1082
Football/soccer,0.05624,0.08871,0.02499,0.17015,0.12326,0.09355,0.06942,0.03278,0.00955,0.00136,1273027,984043,285765,171713,305475,380740,269541,109556,29506,6496
Gaelic football,0.00063,0.001,0.00028,0.0,0.00106,0.00212,0.0003,0.00053,0.0,0.0,14208,11059,3150,0,2617,8634,1173,1784,0,0
Geocaching,0.00032,0.00035,0.00025,0.0,0.00023,0.00015,0.00069,0.00031,0.00051,0.00017,7282,3929,2839,0,570,608,2694,1034,1578,798
Goalball,0.0001,0.00021,0.0,0.00167,0.0,0.0,0.00016,0.0,0.0,0.0,2292,2292,0,1686,0,0,606,0,0,0
Golf,0.04563,0.07555,0.01685,0.02375,0.0276,0.03539,0.03403,0.04833,0.06889,0.06087,1032838,838039,192723,23973,68389,144009,132130,161539,212956,289842
Gridiron,0.00045,0.00073,0.00019,0.00264,0.00142,0.00045,0.0003,0.00021,0.00015,0.0,10298,8088,2211,2664,3513,1821,1152,692,457,0
Guides,4e-05,0.0,8e-05,0.0,0.0,9e-05,0.00015,0.0,0.0,0.0,944,0,944,0,0,348,596,0,0,0
Gymnastics,0.0054,0.00332,0.00742,0.025,0.01056,0.00726,0.00693,0.00152,0.0016,0.0009,122131,36845,84809,25228,26180,29535,26899,5091,4936,4262
Handball,0.00114,0.00114,0.00116,0.01117,0.00214,0.00164,0.0003,0.00034,0.00012,0.0,25911,12600,13311,11270,5295,6666,1165,1141,373,0
Harness racing,0.00011,0.00022,0.0,0.0,0.00023,0.0,0.00014,0.00033,0.0,4e-05,2410,2410,0,0,561,0,536,1101,0,212
Hockey,0.00512,0.00507,0.00522,0.01629,0.00985,0.00584,0.00632,0.0045,0.00267,0.00072,115928,56241,59687,16443,24409,23786,24548,15028,8268,3445
Horse racing,0.00024,0.00038,0.00012,0.0,0.00035,0.00053,0.00013,0.00049,0.0,7e-05,5532,4165,1366,0,863,2157,524,1640,0,348
Ice hockey,0.00061,0.00078,0.00044,0.00344,0.00115,0.00041,0.00095,0.00047,0.00015,0.0,13712,8679,5034,3467,2840,1664,3703,1576,463,0
Ice racing/speed skating,7e-05,0.0001,4e-05,0.0,0.00023,0.0,0.0,0.0003,0.0,0.0,1549,1093,456,0,561,0,0,988,0,0
Ice skating,0.00214,0.00103,0.00314,0.01661,0.00389,0.00233,0.0017,0.00112,0.00069,0.0,48384,11427,35848,16765,9644,9475,6617,3758,2125,0
Jet skiing,0.00067,0.00111,0.00025,0.0,0.00073,0.00061,0.00105,0.00072,0.00119,0.00016,15234,12320,2914,0,1818,2498,4076,2401,3679,762
Judo,0.00066,0.00052,0.00081,0.00494,0.00118,0.00084,0.00031,0.00046,0.00018,8e-05,15026,5784,9242,4989,2925,3427,1212,1536,554,383
Jujitsu,0.0017,0.00284,0.00062,0.00377,0.00247,0.00294,0.00334,0.00088,0.00015,7e-05,38590,31490,7100,3800,6118,11977,12965,2937,463,330
Karate,0.00186,0.00237,0.00139,0.00418,0.00431,0.00097,0.00282,0.00126,0.00166,0.00064,42201,26280,15921,4218,10680,3961,10960,4195,5119,3069
Kendo,0.0003,0.00047,0.00014,0.00125,0.00054,0.00038,0.00027,0.00033,0.00014,0.0,6759,5194,1565,1259,1342,1548,1067,1113,430,0
Kitesurfing/kiteboarding,0.00013,0.00021,6e-05,0.0,0.0,0.0,0.00025,0.00035,0.00027,0.0,2987,2347,640,0,0,0,977,1169,841,0
Korfball,5e-05,5e-05,5e-05,0.0,0.0,0.00029,0.0,0.0,0.0,0.0,1166,595,571,0,0,1166,0,0,0,0
Kung fu wushu,9e-05,9e-05,0.0001,0.0,0.0002,0.0,0.0,0.00035,0.00015,0.0,2099,974,1125,0,485,0,0,1162,452,0
Lacrosse,0.0003,0.00025,0.00036,0.00206,0.00074,0.00023,0.00015,0.00028,0.00016,0.0,6843,2782,4061,2074,1834,942,576,924,492,0
Lifesaving royal,5e-05,0.00011,0.0,0.0,0.00023,0.00015,0.0,0.0,0.0,0.0,1168,1168,0,0,573,595,0,0,0,0
Lifesaving surf,0.0013,0.00198,0.00065,0.00494,0.00105,0.00096,0.00153,0.0014,0.00168,0.00044,29391,21981,7410,4987,2608,3893,5941,4667,5198,2097
Luging,0.0,0.0,0.0,0.0,0.0,0.0,0.0,0.0,0.0,0.0,0,0,0,0,0,0,0,0,0,0
Marching,0.00012,0.00015,9e-05,0.0,0.00021,0.00015,0.0,0.00019,0.00029,0.0,2669,1621,1049,0,525,591,0,644,909,0
Martial arts,0.00626,0.00552,0.00703,0.00649,0.00736,0.00514,0.00278,0.00532,0.00477,0.01105,141611,61183,80428,6547,18246,20905,10800,17767,14745,52600
Mixed martial arts,0.00093,0.0013,0.00058,0.00125,0.00342,0.00075,0.00069,0.00165,0.0,0.0,20998,14411,6587,1259,8483,3057,2691,5508,0,0
Modern pentathlon,3e-05,6e-05,0.0,0.0,0.0,0.00017,0.0,0.0,0.0,0.0,682,682,0,0,0,682,0,0,0,0
Motor cycling,0.00947,0.01376,0.00521,0.01502,0.00979,0.0141,0.0091,0.00792,0.01113,0.00446,214266,152679,59525,15162,24260,57394,35329,26472,34399,21250
Motor sport,0.00254,0.00404,0.00094,0.00739,0.00398,0.00422,0.00212,0.0018,0.00217,0.00042,57439,44822,10762,7457,9855,17175,8215,6002,6721,2014
Mountain biking,0.00726,0.01182,0.00285,0.01716,0.00485,0.00612,0.00966,0.01211,0.00714,0.00209,164226,131087,32568,17314,12012,24889,37514,40485,22058,9953
Mountain climbing,0.00099,0.00131,0.00069,0.00082,0.00122,0.00129,0.00152,0.00122,0.00087,0.00014,22439,14585,7854,826,3030,5263,5886,4063,2689,682
Muay Thai,0.00166,0.00195,0.00139,0.00327,0.00635,0.00271,0.00126,0.00049,0.00031,0.0,37558,21638,15920,3298,15746,11024,4891,1630,969,0
Netball,0.02107,0.00685,0.03495,0.08141,0.05525,0.03062,0.0213,0.01156,0.00307,0.00052,476973,76027,399674,82164,136915,124610,82694,38632,9497,2460
Obstacle,0.00056,0.0004,0.00073,0.00435,0.0002,0.0006,0.00076,0.00074,0.0,0.0,12774,4390,8385,4389,503,2460,2935,2488,0,0
Orienteering,0.0007,0.00068,0.00073,0.00351,0.0006,0.00012,0.00104,0.00094,0.00047,0.00036,15854,7521,8333,3547,1482,469,4038,3133,1455,1730
Outrigger canoe,0.00027,0.00033,0.00021,0.0,0.0,0.00013,0.00045,0.0005,0.00036,0.00022,6079,3680,2400,0,0,524,1751,1672,1107,1026
Oztag,0.00223,0.00248,0.00202,0.00964,0.00763,0.00382,0.00127,0.00033,0.0,8e-05,50577,27461,23116,9725,18904,15526,4928,1099,0,394
Paddle sports,0.00209,0.00205,0.00214,0.0,0.00109,0.00211,0.00209,0.00247,0.00347,0.00185,47220,22753,24467,0,2710,8606,8125,8251,10731,8796
Paintball,0.00012,0.00015,9e-05,0.0,0.00026,0.00012,0.00015,0.00015,0.00017,0.0,2742,1718,1024,0,636,495,586,498,526,0
Parkour,0.00022,0.0001,0.00035,0.00351,0.00024,0.00011,0.00013,0.0,0.0,0.0,5079,1086,3993,3547,585,446,501,0,0,0
Petanque,3e-05,0.0,6e-05,0.0,0.0,0.0,0.0,0.0,0.0,0.00016,741,0,741,0,0,0,0,0,0,741
Physical Culture,0.00061,0.00023,0.00098,0.0,0.0,0.00036,0.00053,0.00031,0.00055,0.00158,13759,2528,11231,0,0,1454,2059,1033,1712,7501
Pickleball/padel,0.01314,0.01324,0.01311,0.00904,0.01422,0.01547,0.01367,0.01528,0.01673,0.00717,297347,146848,149919,9125,35246,62961,53091,51068,51730,34124
Pilates,0.07181,0.01207,0.12993,0.03749,0.08757,0.11019,0.08713,0.0713,0.06259,0.03191,1625325,133940,1485621,37832,217009,448430,338305,238313,193472,151963
Polo,1e-05,3e-05,0.0,0.0,0.0,0.0,0.0,0.0,0.0,7e-05,332,332,0,0,0,0,0,0,0,332
Polocrosse,4e-05,5e-05,4e-05,0.0,0.0,0.0,0.00026,0.0,0.0,0.0,1008,539,469,0,0,0,1008,0,0,0
Pony Club,0.00046,0.00028,0.00059,0.00197,0.00106,0.00052,0.00057,0.00011,0.00018,9e-05,10306,3146,6720,1987,2621,2122,2214,360,565,438
Powerlifting,0.00042,0.0005,0.00035,0.0,0.00094,0.00075,0.00056,0.00017,0.00046,0.0,9543,5532,4011,0,2336,3067,2167,558,1415,0
Ready Steady Go Kids,8e-05,6e-05,9e-05,0.0,0.00021,0.00017,0.00013,0.0,0.0,0.0,1721,685,1036,0,515,685,521,0,0,0
Rock climbing/Abseiling/Caving,0.00457,0.00534,0.0036,0.01791,0.00978,0.00604,0.00545,0.00249,0.00159,0.00046,103540,59263,41155,18078,24246,24600,21169,8321,4918,2208
Rodeo,3e-05,0.0,5e-05,0.0,0.00024,0.0,0.0,0.0,0.0,0.0,595,0,595,0,595,0,0,0,0,0
Rogaining,0.00022,0.00029,0.00015,0.0,0.0004,0.00018,0.0,0.00045,0.0003,0.00015,4892,3173,1719,0,980,741,0,1518,916,736
Roller Derby,0.00013,0.00013,0.00014,0.0,0.0,0.0,0.00044,0.00017,0.00011,9e-05,3040,1475,1565,0,0,0,1718,564,353,406
Rope skipping,0.00248,0.00184,0.00307,0.00442,0.0038,0.00426,0.00297,0.00188,0.00193,0.00021,56075,20444,35126,4462,9429,17349,11543,6295,5979,1018
Rowing,0.00585,0.00687,0.00488,0.00952,0.00413,0.00517,0.00512,0.00709,0.00847,0.00457,132416,76163,55775,9606,10243,21044,19893,23698,26180,21751
Rugby league,0.00763,0.01209,0.00338,0.03236,0.01689,0.01392,0.00681,0.00369,0.00071,0.00013,172717,134086,38631,32659,41864,56639,26434,12320,2182,620
Rugby union,0.00374,0.00603,0.00155,0.01386,0.00913,0.00617,0.00291,0.0018,0.00126,0.00037,84648,66929,17719,13988,22636,25102,11282,6004,3892,1743
Running/jogging,0.16525,0.18975,0.14157,0.26574,0.26653,0.27663,0.20854,0.15772,0.08462,0.01838,3740484,2104784,1618697,268187,660527,1125805,809696,527176,261588,87506
Sailing,0.00327,0.00459,0.00202,0.00299,0.00135,0.00166,0.00219,0.00362,0.00687,0.004,74016,50953,23063,3022,3353,6766,8491,12089,21244,19051
Scootering,0.00085,0.00093,0.00078,0.0,0.00049,0.00071,0.00275,0.00105,0.00011,0.00015,19288,10329,8959,0,1221,2872,10666,3493,334,702
Scouts,0.00022,0.00034,0.0001,0.00251,0.00072,0.0,0.00015,0.0,0.0,0.0,4900,3732,1168,2532,1782,0,585,0,0,0
Sepak takraw,3e-05,5e-05,0.0,0.0,0.00024,0.0,0.0,0.0,0.0,0.0,597,597,0,0,597,0,0,0,0,0
Shooting/field,0.00203,0.00377,0.00037,0.00316,0.00114,0.00327,0.00219,0.00227,0.00153,0.00123,45996,41798,4198,3185,2816,13318,8494,7572,4745,5866
Shooting/range,0.00136,0.00228,0.00047,0.0,0.00082,0.00193,0.00211,0.00141,0.00091,0.00107,30684,25285,5399,0,2030,7840,8208,4710,2809,5087
Skate,0.00396,0.00386,0.00375,0.01194,0.00663,0.006,0.00475,0.00429,0.00115,7e-05,89533,42870,42934,12047,16426,24399,18428,14337,3558,337
Skeleton,0.0,0.0,0.0,0.0,0.0,0.0,0.0,0.0,0.0,0.0,0,0,0,0,0,0,0,0,0,0
Ski & snowboard,0.00812,0.00964,0.00671,0.00269,0.00675,0.00893,0.00817,0.01007,0.014,0.00404,183709,106952,76756,2715,16740,36353,31724,33659,43281,19237
Skirmish,3e-05,0.0,5e-05,0.0,0.0,0.0,0.00015,0.0,0.0,0.0,596,0,596,0,0,0,596,0,0,0
Softball,0.00136,0.00116,0.00153,0.00307,0.00238,0.0018,0.0016,0.00106,0.00153,0.0,30818,12838,17507,3099,5895,7335,6211,3558,4720,0
Sport climbing,0.00542,0.00664,0.00411,0.01379,0.01335,0.01255,0.00492,0.00044,0.00119,9e-05,122749,73704,46998,13918,33083,51079,19090,1458,3676,445
Squash,0.0039,0.00569,0.00216,0.00359,0.00344,0.00579,0.00461,0.00435,0.00413,0.00155,88312,63132,24674,3623,8531,23583,17896,14527,12761,7392
Surfing,0.01385,0.01731,0.01059,0.02218,0.01269,0.01566,0.01818,0.01768,0.01353,0.00511,313396,191956,121070,22379,31438,63727,70593,59099,41819,24340
Swimming,0.1539,0.14513,0.16263,0.17616,0.16339,0.16584,0.18312,0.16664,0.15991,0.09735,3483472,1609841,1859588,177777,404911,674922,711006,556978,494315,463563
Sword fighting,0.00023,0.00016,0.00025,0.0,0.00099,0.00056,0.0,0.0,0.0,8e-05,5093,1814,2817,0,2442,2277,0,0,0,374
Synchronised swimming,0.00052,0.00061,0.00044,0.0,0.00071,0.00104,0.00076,0.00074,0.00014,0.0,11842,6773,5069,0,1754,4251,2943,2465,430,0
Table tennis,0.0179,0.02534,0.0108,0.06543,0.03295,0.02298,0.01613,0.0144,0.0094,0.00508,405253,281138,123530,66032,81668,93509,62640,48138,29065,24202
Taekwondo/Taekwon-do,0.00115,0.00147,0.00085,0.00882,0.00213,0.00094,0.00056,0.00101,0.00053,0.00016,25962,16261,9700,8902,5286,3827,2156,3369,1654,767
Tee ball,0.00012,0.00021,4e-05,0.0,0.00056,0.00023,0.00012,0.0,0.0,0.0,2788,2325,463,0,1387,920,480,0,0,0
Tennis,0.04941,0.05842,0.04103,0.0945,0.07484,0.06476,0.05281,0.05269,0.03289,0.01915,1118407,648073,469133,95372,185484,263537,205044,176120,101658,91192
Tenpin bowling,0.00629,0.00655,0.0061,0.01064,0.00815,0.00516,0.00685,0.00644,0.00699,0.00434,142358,72631,69727,10742,20206,21011,26616,21530,21605,20647
Tobogganing,2e-05,0.0,5e-05,0.0,0.0,0.0,0.0,0.00016,0.0,0.0,545,0,545,0,0,0,0,545,0,0
Touch football,0.00712,0.00918,0.00518,0.02335,0.01549,0.01213,0.00562,0.00505,0.0026,0.00064,161056,101858,59197,23568,38377,49359,21809,16878,8041,3024
Triathlon,0.00143,0.00184,0.00105,0.00288,0.00169,0.0019,0.0022,0.00228,0.00034,8e-05,32394,20435,11959,2903,4178,7748,8535,7628,1039,363
Underwater sports,0.00836,0.00836,0.00844,0.00722,0.00679,0.01049,0.0109,0.00817,0.01137,0.00369,189194,92719,96474,7290,16822,42708,42336,27309,35140,17589
Virtual based physical activity,0.0095,0.00966,0.00921,0.03748,0.01745,0.01427,0.00827,0.00697,0.00272,0.00252,214994,107114,105335,37828,43253,58082,32123,23306,8409,11993
Volleyball (indoor and outdoor),0.01307,0.0155,0.01057,0.10113,0.03406,0.01582,0.00677,0.0035,0.00136,0.0006,295849,171972,120900,102057,84401,64370,26270,11703,4189,2860
Walking (Recreational),0.50204,0.42494,0.57753,0.30348,0.34194,0.4186,0.47548,0.58668,0.66032,0.55822,11363621,4713659,6603678,306276,847416,1703592,1846165,1960969,2041184,2658020
Water polo,0.00092,0.00122,0.00064,0.00462,0.00226,0.00115,0.00031,0.001,0.00036,7e-05,20906,13571,7335,4661,5592,4667,1203,3339,1104,340
Waterskiing/Wakeboarding,0.0015,0.00171,0.00132,0.0,0.00243,0.0019,0.00135,0.00187,0.00232,0.00032,33982,18942,15040,0,6024,7749,5242,6247,7176,1543
Weight lifting,0.00982,0.01073,0.00876,0.0077,0.01566,0.016,0.01094,0.00857,0.00691,0.00382,222350,118978,100114,7772,38807,65108,42477,28660,21358,18168
Wheelchair rugby,2e-05,0.0,5e-05,0.0,0.0,0.0,0.00013,0.0,0.0,0.0,520,0,520,0,0,0,520,0,0,0
Wood chopping,0.00033,0.00056,0.00011,0.0,0.0002,0.0,0.00027,0.00053,0.00065,0.00045,7426,6185,1241,0,488,0,1034,1784,2001,2120
Wrestling,0.0004,0.0006,0.00018,0.0,0.00091,0.00094,0.0004,0.00044,0.0,0.0,9153,6612,2008,0,2266,3841,1561,1485,0,0
Yoga,0.05072,0.0159,0.08466,0.02598,0.03606,0.06426,0.06284,0.06106,0.05569,0.03165,1148005,176385,968047,26215,89360,261525,243997,204092,172134,150682
eSports,0.00211,0.00324,0.00089,0.00133,0.00735,0.00396,0.00171,0.00109,0.00044,8e-05,47704,35959,10217,1344,18227,16118,6637,3648,1352,377
