Mode,15-24,25-34,35-44,45-54,55-64,65-74,75+
Train,59351,95131,65225,43502,28820,6545,482
Bus,51093,62963,40184,30862,22093,5246,475
Ferry,1121,2074,1842,1724,1293,366,57
Tram/light rail,7926,13517,5905,3569,2570,712,84
Taxi/ride-share service,7831,9954,6008,3682,2637,804,135
"Car, as driver",808776,1438837,1416407,1395355,1057930,254897,25335
"Car, as passenger",212245,91342,56994,53136,43609,12091,1710
Truck,3829,12501,15805,18934,18380,6463,1225
Motorbike/scooter,6429,12979,9421,10703,8742,1647,225
Bicycle,10773,19732,17846,17348,11661,1967,124
Other Mode,8047,17171,16746,15171,12116,4259,802
Walked only,63125,74368,50185,49617,47215,17748,3788
Worked at home,126636,565340,716723,593476,370720,130313,28056
Did not go to work,345942,309579,262376,215998,205191,69628,8735
Not stated,9928,12815,10792,9412,8002,4483,3735
Total,1723054,2738317,2692457,2462501,1840977,517162,74950
