Mode,New South Wales,Victoria,Queensland,South Australia,Western Australia,Tasmania,Northern Territory,Australian Capital Territory,Australia
Train,102866,90749,43697,8688,52664,118,57,211,299053
Bus,40866,24068,50011,31760,43461,7666,2706,12286,212919
Ferry,1944,1098,4185,282,492,241,131,56,8470
Tram/light rail,1817,22956,2500,3728,165,27,24,3061,34275
Taxi/ride-share service,5620,7645,7722,2616,5439,882,457,675,31057
"Car, as driver",1600226,1590175,1466788,540208,817432,164534,68624,148200,6397539
"Car, as passenger",117994,110919,110963,36527,61390,13505,7156,12575,471127
Truck,26556,16508,18802,4112,7775,1748,556,1009,77151
Motorbike/scooter,15049,7743,16072,3405,3725,1141,1140,1796,50146
Bicycle,14535,22375,17215,7336,8790,1787,2156,5233,79457
Other Mode,17233,13746,15174,4994,19543,1218,1313,1073,74310
Walked only,92368,72373,63580,20575,28115,10785,8115,9988,306045
Worked at home,1141467,814082,344696,80513,98289,20330,4545,27211,2531262
Did not go to work,487646,353067,270387,90496,152794,29181,9090,24624,1417449
Not stated,17966,15391,12301,4168,6188,1563,958,613,59167
Total,3684158,3162893,2444090,839414,1306249,254722,107035,248603,12049410
