Location_ID,Sensor_Description,Sensor_Name,Installation_Date,Note,Location_Type,Status,Direction_1,Direction_2,Latitude,Longitude,Location,Sensor_Location_Full_Name
3,Melbourne Central,Swa295_T,2009-03-25,,Outdoor,A,North,South,-37.81101524,144.96429485,"-37.81101524, 144.96429485",Melbourne Central
5,Princes Bridge,PriNW_T,2009-03-26,Replace with: 00:6e:02:01:9e:54,Outdoor,A,North,South,-37.81874249,144.96787656,"-37.81874249, 144.96787656",Princes Bridge
9,Southern Cross Station,Col700_T,2009-03-23,,Outdoor,A,East,West,-37.81982992,144.95102555,"-37.81982992, 144.95102555",Southern Cross Station
11,Docklands Waterfront City Building Side,WatCit_T,2009-01-20,Device has been replaced with new sensor on 22/03/2019,Outdoor,A,East,West,-37.81566651,144.93974366,"-37.81566651, 144.93974366",Docklands Waterfront City Building Side
12,New Quay,NewQ_T,2009-01-21,,Outdoor,A,East,West,-37.81457988,144.94292398,"-37.81457988, 144.94292398",New Quay
14,Sandridge Bridge,SanBri_T,2009-03-24,Sensor relocated to sensor ID 25 on 2/10/2019,Outdoor,A,North,South,-37.82011242,144.96291897,"-37.82011242, 144.96291897",Sandridge Bridge
18,Collins Place (North),Col12_T,2009-03-30,,Outdoor,A,East,West,-37.81344862,144.97305353,"-37.81344862, 144.97305353",Collins Place (North)
19,Chinatown-Swanston St (North),LtB210_T,2013-09-02,"Pushbox Upgrade, 20/07/2023",Outdoor,A,East,West,-37.81237202,144.96550671,"-37.81237202, 144.96550671",Chinatown-Swanston Street (North)
20,Chinatown-Lt Bourke St (South),LtB170_T,2013-09-06,"Pushbox Upgrade, 20/07/2023",Outdoor,A,East,West,-37.81172914,144.9682466,"-37.81172914, 144.9682466",Chinatown-Little Bourke Street (South)
27,QV Market-Peel St,Vic_T,2013-08-16,,Outdoor,A,East,West,-37.80606888,144.95644692,"-37.80606888, 144.95644692",Queen Victoria Market-Peel Street
35,Southbank Promenade,SouthB_T,2016-04-11,Device replaced with two new sensors on 15-4-21,Outdoor,A,East,West,-37.82018685,144.96508508,"-37.82018685, 144.96508508",Southbank Promenade
41,Flinders La-Swanston St (West),Swa31,2017-06-29,,Outdoor,A,North,South,-37.81668634,144.96689733,"-37.81668634, 144.96689733",Flinders Lane-Swanston Street (West)
43,Monash Rd-Swanston St (West),UM2_T,2015-04-15,,Outdoor,A,North,South,-37.79844526,144.96411782,"-37.79844526, 144.96411782",Monash Road-Swanston Street (West)
44,Tin Alley-Swanston St (West),UM3_T,2015-04-15,"Pushbox Upgrade, 30/06/2023",Outdoor,A,North,South,-37.79698741,144.96441306,"-37.79698741, 144.96441306",Tin Alley-Swanston Street (West)
46,Pelham St (South),Pel147_T,2017-07-10,,Outdoor,A,East,West,-37.80240719,144.9615673,"-37.80240719, 144.9615673",Pelham Street (South)
47,Melbourne Central-Elizabeth St (East),Eli250_T,2017-08-24,"Pushbox Upgrade, 25/07/2023. Move to 250 Elizabeth Street from adjacent St. Francis Church at 266 Elizabeth.",Outdoor,A,North,South,-37.81258467,144.9625775,"-37.81258467, 144.9625775",Melbourne Central-Elizabeth Street (East)
48,QVM-Queen St (East),QVMQ_T,,Funk Fish Cafe sensor upgrade 25/06/2026,Outdoor,A,East,West,-37.80631581,144.95866697,"-37.80631581, 144.95866697",Queen Victoria Market-Queen Street (East)
50,Faraday St-Lygon St (West),Lyg309_T,2017-11-30,"Pushbox Upgrade, 25/07/2023",Outdoor,A,North,South,-37.79808192,144.96721013,"-37.79808192, 144.96721013",Faraday Street-Lygon Street (West)
51,QVM-Franklin St (North),Fra118_T,2017-11-30,"Pushbox Upgrade, 20/07/2023",Outdoor,A,East,West,-37.80841815,144.95906316,"-37.80841815, 144.95906316",Queen Victoria Market-Franklin Street (North)
52,Elizabeth St-Lonsdale St (South),Eli263_T,2017-07-31,"Pushbox Upgrade, 25/07/2023",Outdoor,A,East,West,-37.81252157,144.9619401,"-37.81252157, 144.9619401",Elizabeth Street-Lonsdale Street (South)
53,Collins Street (North),Col254_T,2015-09-23,,Outdoor,A,East,West,-37.81564191,144.965499,"-37.81564191, 144.965499",Collins Street (North)
54,Lincoln-Swanston (West),Swa607_T,2018-06-26,,Outdoor,A,North,South,-37.804024,144.96308399,"-37.804024, 144.96308399",Lincoln-Swanston (West)
56,Lonsdale St - Elizabeth St (North),Lon364_T,2018-07-25,Sensor device has been replaced,Outdoor,A,East,West,-37.81234775,144.96153311,"-37.81234775, 144.96153311",Lonsdale Street - Elizabeth Street (North)
68,Flinders Ln -Degraves St (North),FLDegN_T,2020-06-03,,Outdoor,A,East,West,-37.8168479,144.96559789,"-37.8168479, 144.96559789",Flinders Lane -Degraves Street (North)
69,Flinders Ln -Degraves St (Crossing),FLDegC_T,2020-06-03,,Outdoor,A,North,South,-37.81687226,144.96559144,"-37.81687226, 144.96559144",Flinders Lane -Degraves Street (Crossing)
72,Flinders St- ACMI,ACMI_T,2020-11-30,,Outdoor,A,East,West,-37.81726338,144.96872809,"-37.81726338, 144.96872809",Flinders Street- Australian Centre for the Moving Image
82,512 Elizabeth Street,Eli512_T,2021-11-05,,Indoor,A,,,-37.80667227,144.96005554,"-37.80667227, 144.96005554",512 Elizabeth Street
85,Macaulay Rd (North),488Mac_T,2021-12-21,,Outdoor,A,East,West,-37.79432415,144.92973378,"-37.79432415, 144.92973378",Macaulay Road (North)
86,Queensberry St - Errol St (South),574Qub_T,2021-12-21,,Outdoor,A,East,West,-37.80309992,144.94908064,"-37.80309992, 144.94908064",Queensberry Street - Errol Street (South)
89,City Library,CityLi_T,2013-12-11,,Indoor,A,,,-37.81685964,144.96586575,"-37.81685964, 144.96586575",City Library
90,Boyd Community Hub- Library,BoCoL_T,2015-08-11,,Indoor,A,,,-37.82556207,144.96115421,"-37.82556207, 144.96115421",Boyd Community Hub- Library
93,East Melbourne Library,EastLib_T,2013-02-02,,Indoor,A,,,-37.81498411,144.98638807,"-37.81498411, 144.98638807",East Melbourne Library
96,Fitzroy Garden Visitor Centre Internal,FitGarVisIInt_T,2015-03-02,"Pushbox Upgrade, 30/06/2023",Indoor,A,,,-37.81499687,144.97925064,"-37.81499687, 144.97925064",Fitzroy Garden Visitor Centre Internal
105,Kathleen Syme Library Lib,KatLib2_T,2018-02-02,,Indoor,A,,,-37.79861828,144.9652825,"-37.79861828, 144.9652825","Kathleen Syme Library, library section"
108,William St - Little Lonsdale St (West),261Will_T,2022-10-08,Added lines for 7 Eleven Store - 2025-05-07,Outdoor,A,North,South,-37.81295822,144.95678789,"-37.81295822, 144.95678789",William Street - Little Lonsdale Street (West)
116,Fitzroy Garden Visitor Centre Cafe Verandah,FitCafVis_T,2015-03-02,"Pushbox Upgrade, 30/06/2023",Indoor,A,,,-37.81493732,144.97932442,"-37.81493732, 144.97932442",Fitzroy Garden Visitor Centre Cafe Verandah
117,114 Flinders Street Car Park Footpath,Fli114F_T,2022-12-06,,Outdoor,A,East,West,-37.81629332,144.97090877,"-37.81629332, 144.97090877",114 Flinders Street Car Park Footpath
123,Birrarung Marr East - Batman Ave Bridge Entry,BirBridge_T,2023-06-02,<Null>,Outdoor,A,East,West,-37.81753741,144.97329734,"-37.81753741, 144.97329734",Birrarung Marr East - Batman Avenue Bridge Entry
132,I-Hub Corner of King Street and Latrobe Street (317-335 King),King335_T,2023-09-25,,Outdoor,A,North,South,-37.81267639,144.95386444,"-37.81267639, 144.95386444",Corner of King Street and Latrobe Street (317 to 335 King Street)
133,I-Hub Southern Cross Station - Lonsdale Street Entrance - South,Spen229_T,2023-09-25,,Outdoor,A,North,South,-37.81531435,144.95227769,"-37.81531435, 144.95227769",Southern Cross Station - Lonsdale Street Entrance - South
136,"COM Pole 1120 - Towards the City, Near Federation Square Bridge",BirFed1120_T,2023-11-03,,Outdoor,A,East,West,-37.8184141,144.97357915,"-37.8184141, 144.97357915","City of Melbourne Pole 1120 - Towards the City, Near Federation Square Bridge"
139,COM Pole 1647 - Sandridge Bridge Signal Box,Signal1647_T,2023-11-20,,Outdoor,A,East,West,-37.81959923,144.9632832,"-37.81959923, 144.9632832",City of Melbourne Pole 1647 - Sandridge Bridge Signal Box
140,COM Pole 2837 - Boyd Park,Boyd2837_T,2023-11-02,,Outdoor,A,North,South,-37.82590962,144.96185972,"-37.82590962, 144.96185972",City of Melbourne Pole 2837 - Boyd Park
142,Hamer Hall Entrance (COM Pole 1584),Hammer1584_T,2023-11-03,,Outdoor,A,East,West,-37.81970749,144.96795734,"-37.81970749, 144.96795734",Hamer Hall Entrance (City of Melbourne Pole 1584)
146,narrm ngarrgu Library - Level 1 - Lift 3,narrLibL1L3_T,2023-10-23,,Indoor,A,,,-37.80766922,144.95840594,"-37.80766922, 144.95840594",narrm ngarrgu Library - Level 1 - Lift 3
150,narrm ngarrgu Library - Level 1 Main Stairs B,narrLibL1MB_T,2023-10-23,,Indoor,A,,,-37.80791198,144.95820087,"-37.80791198, 144.95820087",narrm ngarrgu Library - Level 1 Main Stairs B
155,narrm ngarrgu Library - Level 3 Children's Library Door 2,narrLibL#C2_T,2023-10-23,,Indoor,A,,,-37.80783201,144.95845043,"-37.80783201, 144.95845043",narrm ngarrgu Library - Level 3 Children's Library Door 2
159,516 Elizabeth Street,Eli516_T,2024-01-29,,Indoor,A,,,-37.80651646,144.96007934,"-37.80651646, 144.96007934",516 Elizabeth Street
160,"City Baths, 420 Swanston Street - Main Entry",Swa420_T,2024-06-04,,Indoor,A,,,-37.80699526,144.96306214,"-37.80699526, 144.96306214","City Baths, 420 Swanston Street - Main Entry"
161,Birrarung Marr - COM - Pole 1109,BirArt1109_T,2024-06-04,,Outdoor,A,East,West,-37.81851276,144.97131336,"-37.81851276, 144.97131336",Birrarung Marr - City of Melbourne - Pole 1109
165,475 Spencer Street,Spen475_T,2024-08-14,,Outdoor,A,North,South,-37.80953359,144.94939004,"-37.80953359, 144.94939004",475 Spencer Street
181,368 Elizabeth Street,Eli368_T,2025-03-26,Moved from 380 Elizabeth Street,Outdoor,A,North,South,-37.81009465,144.96143149,"-37.81009465, 144.96143149",368 Elizabeth Street
188,RMIT Building 51 - 80-92 Victoria Street,RMIT51_T,2025-10-17,,Outdoor,A,North,South,-37.80663222,144.96456557,"-37.80663222, 144.96456557",Royal Melbourne Institute of Technology Building 51 - 80-92 Victoria Street
1,Bourke Street Mall (North),Bou292_T,2009-03-24,,Outdoor,A,East,West,-37.81349441,144.96515323,"-37.81349441, 144.96515323",Bourke Street Mall (North)
4,Town Hall (West),Swa123_T,2009-03-23,,Outdoor,A,North,South,-37.81487988,144.9660878,"-37.81487988, 144.9660878",Town Hall (West)
6,Flinders Underpass - Myki Barriers,FliS_T,2009-03-25,Upgraded on 8/09/21,Outdoor,A,North,South,-37.81907439,144.96557866,"-37.81907439, 144.96557866",Flinders Underpass - Myki Barriers
10,Victoria Point,BouHbr_T,2009-04-23,,Outdoor,A,East,West,-37.81876474,144.94710545,"-37.81876474, 144.94710545",Victoria Point
17,Collins Place (South),Col15_T,2009-03-30,Device upgraded in 26/02/2020,Outdoor,A,East,West,-37.81362543,144.97323591,"-37.81362543, 144.97323591",Collins Place (South)
24,Spencer St-Collins St (North),Col620_T,2013-09-02,,Outdoor,A,East,West,-37.81887963,144.95449198,"-37.81887963, 144.95449198",Spencer Street-Collins Street (North)
31,Lygon St (West),Lyg161_T,2013-10-10,"Pushbox Upgrade, 25/07/2023",Outdoor,A,North,South,-37.80169681,144.96658911,"-37.80169681, 144.96658911",Lygon Street (West)
36,Queen St (West),Que85_T,2015-01-20,"Pushbox Upgrade, 03/08/2023",Outdoor,A,North,South,-37.81652527,144.96121062,"-37.81652527, 144.96121062",Queen Street (West)
39,Alfred Place,AlfPl_T,2019-12-04,In 4/12/2019 sensor upgraded,Outdoor,A,North,South,-37.81379749,144.96995745,"-37.81379749, 144.96995745",Alfred Place
45,Little Collins St-Swanston St (East),Swa148_T,2017-06-29,"Pushbox Upgrade, 03/08/2023",Outdoor,A,North,South,-37.81414075,144.96609379,"-37.81414075, 144.96609379",Little Collins Street-Swanston Street (East)
58,Bourke St - Spencer St (North),Bou688_T,2018-09-27,,Outdoor,A,East,West,-37.81686075,144.95358075,"-37.81686075, 144.95358075",Bourke Street - Spencer Street (North)
59,Building 80 RMIT,RMIT_T,2019-02-13,,Outdoor,A,North,South,-37.80825648,144.96304859,"-37.80825648, 144.96304859",Building 80 Royal Melbourne Institute of Technology
61,RMIT Building 14,RMIT14_T,2019-06-28,,Outdoor,A,North,South,-37.80767455,144.96309114,"-37.80767455, 144.96309114",Royal Melbourne Institute of Technology Building 14
62,La Trobe St (North),Lat224_T,2019-09-25,,Outdoor,A,East,West,-37.80996494,144.96216521,"-37.80996494, 144.96216521",La Trobe Street (North)
66,"QV2 Apartments, 300 Swanston Street",QVN_T,2020-04-06,,Outdoor,A,North,South,-37.81057846,144.96444294,"-37.81057846, 144.96444294","QV2 Apartments, 300 Swanston Street"
75,Spring St- Flinders st (West),SprFli_T,2020-12-18,,Outdoor,A,North,South,-37.81515276,144.97467661,"-37.81515276, 144.97467661",Spring Street- Flinders Street (West)
77,Harbour Esplanade (West) - Pedestrian path,HarEsP_T,2021-03-25,Replaced - water damaged,Outdoor,A,North,South,-37.81441438,144.94433026,"-37.81441438, 144.94433026",Harbour Esplanade (West) - Pedestrian path
79,Flinders St (South),FliSS_T,2021-09-10,,Outdoor,A,East,West,-37.81794046,144.96616678,"-37.81794046, 144.96616678",Flinders Street (South)
80,Boyd Community - Rear door,BoCoR_T,2021-03-30,,Indoor,A,,,-37.8254567,144.96131206,"-37.8254567, 144.96131206",Boyd Community - Rear door
83,510 Elizabeth Street,Eli510_T,2021-11-05,,Indoor,A,,,-37.8067319,144.96005113,"-37.8067319, 144.96005113",510 Elizabeth Street
84,Elizabeth St - Flinders St (East) - New footpath,ElFi_T,2021-12-03,Sensing Data started on 2019-02-14,Outdoor,A,North,South,-37.81798049,144.96503383,"-37.81798049, 144.96503383",Elizabeth Street - Flinders Street (East) - New footpath
87,Errol St (West),Errol23_T,2022-05-20,,Outdoor,A,North,South,-37.80454949,144.94921863,"-37.80454949, 144.94921863",Errol Street (West)
91,Library at The Dock-North side,DocLib1_T,2015-06-05,,Indoor,A,,,-37.8200188,144.94029861,"-37.8200188, 144.94029861",Library at The Dock-North side
94,Fitzroy Garden- The Conservatory,FitConVis_T,2015-03-02,,Indoor,A,,,-37.81424531,144.97851861,"-37.81424531, 144.97851861",Fitzroy Garden- The Conservatory
95,Fitzroy Garden Visitor Centre External,FitGarExtVisExt_T,2015-03-02,"Pushbox Upgrade, 30/06/2023",Indoor,A,,,-37.81488315,144.97926569,"-37.81488315, 144.97926569",Fitzroy Garden Visitor Centre External
102,North Melbourne Library,NtMelLib_T,2018-02-02,,Indoor,A,,,-37.80340543,144.94977011,"-37.80340543, 144.94977011",North Melbourne Library
103,Kensington Town Hall,KenTown_T,2018-02-02,Device Replace,Indoor,A,,,-37.7893527,144.9286055,"-37.7893527, 144.9286055",Kensington Town Hall
107,Royal Mint 280 William St,280Will_T,2022-10-08,,Outdoor,A,North,South,-37.81246271,144.95690188,"-37.81246271, 144.95690188",Royal Mint 280 William Street
109,La Trobe St- William St (South),LatWill_T,2022-10-08,,Outdoor,A,East,West,-37.81193681,144.95621105,"-37.81193681, 144.95621105",La Trobe Street- William Street (South)
124,Birrarung Marr East - Batman Ave Bridge Entry,BirBridge_T,2023-06-02,,Outdoor,A,North,South,-37.81757416,144.97329934,"-37.81757416, 144.97329934",Birrarung Marr East - Batman Avenue Bridge Entry
135,I-Hub Southern Cross Station - Bourke Street Entrance - South,Spen161_T,2023-09-25,,Outdoor,A,North,South,-37.8172861,144.95319102,"-37.8172861, 144.95319102",Southern Cross Station - Bourke Street Entrance - South
137,"COM Pole 2353 - Towards the city, NAB Building",BouHbr2353_T,2023-11-03,,Outdoor,A,East,West,-37.81894815,144.94612292,"-37.81894815, 144.94612292","City of Melbourne Pole 2353 - Towards the city, National Australia Bank Building"
138,"COM Pole 1671 - Enterprize Park, Queens Bridge",EntPark1671_T,2023-11-20,,Outdoor,A,East,West,-37.81996544,144.95981454,"-37.81996544, 144.95981454","City of Melbourne Pole 1671 - Enterprize Park, Queens Bridge"
141,Awning of Nationwide Parking 474 Flinders Street,474Fl_T,2023-11-10,,Outdoor,A,East,West,-37.81997273,144.95834911,"-37.81997273, 144.95834911",Awning of Nationwide Parking 474 Flinders Street
148,narrm ngarrgu Library - Level 1 - Meeting Room Lift 2,narrLibMRL2_T,2023-10-23,,Indoor,A,,,-37.80772224,144.95823515,"-37.80772224, 144.95823515",narrm ngarrgu Library - Level 1 - Meeting Room Lift 2
149,narrm ngarrgu Library - Level 1 Main Stairs A,narrLibL1MA_T,2023-10-23,,Indoor,A,,,-37.80781158,144.9582219,"-37.80781158, 144.9582219",narrm ngarrgu Library - Level 1 Main Stairs A
151,narrm ngarrgu Library - Level 2 - Collections Stairs A,narrLibL2CA_T,2023-10-23,,Indoor,A,,,-37.80771581,144.9586238,"-37.80771581, 144.9586238",narrm ngarrgu Library - Level 2 - Collections Stairs A
153,narrm ngarrgu Library - Level 2 - Study Area Lifts 2,narrLibL2S2_T,2023-10-23,,Indoor,A,,,-37.80780367,144.95829765,"-37.80780367, 144.95829765",narrm ngarrgu Library - Level 2 - Study Area Lifts 2
154,narrm ngarrgu Library - Level 3 Children's Library Door 1,narrLibL3C1_T,2023-10-23,,Indoor,A,,,-37.80778437,144.95862772,"-37.80778437, 144.95862772",narrm ngarrgu Library - Level 3 Children's Library Door 1
158,514 Elizabeth Street,Eli514_T,2024-01-29,,Indoor,A,,,-37.80657467,144.96007044,"-37.80657467, 144.96007044",514 Elizabeth Street
164,I-Hub 526 La Trobe Street (Footpath),Lat526_T,2024-08-14,,Outdoor,A,East,West,-37.813005,144.95160411,"-37.813005, 144.95160411",526 La Trobe Street (Footpath)
180,"Pumping Station No.2, 330 Macaulay Road",Mac330_T,2025-03-11,,Outdoor,A,East,West,-37.79497059,144.93530329,"-37.79497059, 144.93530329","Pumping Station Number 2, 330 Macaulay Road"
185,197 Elizabeth Street,Eli197_T,2025-06-28,,Outdoor,A,North,South,-37.81374643,144.96276183,"-37.81374643, 144.96276183",197 Elizabeth Street
209,Flinders Underpass - Walkway,FliS_T,2009-03-25,Upgraded on 8/09/21,Outdoor,A,North,South,-37.81909037,144.96549709,"-37.81909037, 144.96549709",Flinders Underpass - Walkway
2,Bourke Street Mall (South),Bou283_T,2009-03-30,,Outdoor,A,East,West,-37.81380668,144.96516718,"-37.81380668, 144.96516718",Bourke Street Mall (South)
8,Webb Bridge,WebBN_T,2009-03-24,,Outdoor,A,North,South,-37.82293543,144.9471751,"-37.82293543, 144.9471751",Webb Bridge
21,155-161 Russell Street,Bourke155_T,2013-09-02,,Outdoor,A,North,South,-37.81267313,144.96788288,"-37.81267313, 144.96788288",155-161 Russell Street
23,Spencer St-Collins St (South),Col623_T,2013-09-02,"Pushbox Upgrade, 25/07/2023",Outdoor,A,East,West,-37.81909256,144.95452748,"-37.81909256, 144.95452748",Spencer Street-Collins Street (South)
25,Melbourne Convention Exhibition Centre,MCEC_T,2013-08-28,,Outdoor,A,East,West,-37.82401776,144.95604426,"-37.82401776, 144.95604426",Melbourne Convention Exhibition Centre
29,St Kilda Rd-Alexandra Gardens,AG_T,2013-10-11,sensor upgraded from laser to 3D on 19/12/2019,Outdoor,A,North,South,-37.8199817,144.96872865,"-37.8199817, 144.96872865",Saint Kilda Road-Alexandra Gardens
30,Lonsdale St (South),Lon189_T,2013-10-14,"Pushbox Upgrade, 20/07/2023",Outdoor,A,East,West,-37.8112185,144.96656806,"-37.8112185, 144.96656806",Lonsdale Street (South)
37,Lygon St (East),Lyg260_T,2015-02-11,"Pushbox Upgrade, 30/06/2023. Move from 174 to 260 Lygon Street (12/08/2024)",Outdoor,A,North,South,-37.80107122,144.96704554,"-37.80107122, 144.96704554",Lygon Street (East)
40,Lonsdale St-Spring St (West),Spr201_T,2015-01-19,"Pushbox Upgrade, 03/08/2023",Outdoor,A,North,South,-37.80999341,144.97227587,"-37.80999341, 144.97227587",Lonsdale Street-Spring Street (West)
42,Grattan St-Swanston St (West),UM1_T,,Sensor Upgraded,Outdoor,A,North,South,-37.80008566,144.96386412,"-37.80008566, 144.96386412",Grattan Street-Swanston Street (West)
49,QVM-Therry St (South),Eli501_T,,501 Elizabeth Street upgrade 23/06/2026,Outdoor,A,East,West,-37.80730068,144.95956055,"-37.80730068, 144.95956055",Queen Victoria Market-Therry Street (South)
63,231 Bourke St,Bou231_T,2020-01-07,,Outdoor,A,East,West,-37.81333081,144.96675571,"-37.81333081, 144.96675571",231 Bourke Street
67,Flinders Ln -Degraves St (South),FLDegS_T,2020-06-03,,Outdoor,A,East,West,-37.81688755,144.96562569,"-37.81688755, 144.96562569",Flinders Lane -Degraves Street (South)
70,Errol Street (East),Errol20_T,2020-10-12,,Outdoor,A,North,South,-37.80456984,144.94946228,"-37.80456984, 144.94946228",Errol Street (East)
71,Westwood Place,WestWP_T,2020-10-16,,Outdoor,A,North,South,-37.81235775,144.97136962,"-37.81235775, 144.97136962",Westwood Place
76,Macaulay Rd- Bellair St,KenMac_T,2021-02-20,,Outdoor,A,East,West,-37.79453803,144.93036194,"-37.79453803, 144.93036194",Macaulay Road- Bellair Street
81,Boyd Community - Front door,BoCoF_T,2021-03-30,,Indoor,A,,,-37.82579138,144.96084343,"-37.82579138, 144.96084343",Boyd Community - Front door
92,Library at The Dock-South side,DocLib2_T,2015-06-05,,Indoor,A,,,-37.82016286,144.94039584,"-37.82016286, 144.94039584",Library at The Dock-South side
99,Town Hall Visitor Centre,TownVis_T,2020-02-02,"Pushbox Upgrade, 03/08/2023",Indoor,A,,,-37.81462143,144.96623279,"-37.81462143, 144.96623279",Town Hall Visitor Centre
104,Kathleen Syme Library Main,KatLib1_T,2018-02-02,,Indoor,A,,,-37.79863553,144.96548206,"-37.79863553, 144.96548206",Kathleen Syme Library Main
106,Kathleen Syme Library Cafe,KatLib3_T,2018-02-02,,Indoor,A,,,-37.79859459,144.96510921,"-37.79859459, 144.96510921",Kathleen Syme Library Cafe
118,114 Flinders Street Car Park Crossing,Fli114C_T,2022-12-06,,Outdoor,A,North,South,-37.81632783,144.97090512,"-37.81632783, 144.97090512",114 Flinders Street Car Park Crossing
130,I-Hub 892 Bourke Street,Bou892T,2023-09-25,,Outdoor,A,East,West,-37.8204637,144.94126826,"-37.8204637, 144.94126826",892 Bourke Street
131,I-Hub Corner of King Street and Flinders Street (2-6 King),King2_T,2023-09-25,,Outdoor,A,North,South,-37.82009057,144.95758725,"-37.82009057, 144.95758725",Corner of King Street and Flinders Street (2 to 6 King Street)
134,I-Hub Southern Cross Station - Bourke Street Entrance - North,Spen201_T,2023-09-25,,Outdoor,A,North,South,-37.81694221,144.95303935,"-37.81694221, 144.95303935",Southern Cross Station - Bourke Street Entrance - North
143,"Mounted on Toilet - Spencer Street, Batman Park",Spencer_T,2024-04-10,,Outdoor,A,North,South,-37.821728,144.95557015,"-37.821728, 144.95557015","Mounted on Toilet - Spencer Street, Batman Park"
144,narrm ngarrgu Library - Level 1 - Lift 1,narrLibL1L1_T,2023-10-23,,Indoor,A,,,-37.80760657,144.95862847,"-37.80760657, 144.95862847",narrm ngarrgu Library - Level 1 - Lift 1
145,narrm ngarrgu Library - Level 1 - Lift 2,narrLibL1L2_T,2023-10-23,,Indoor,A,,,-37.80763871,144.95850722,"-37.80763871, 144.95850722",narrm ngarrgu Library - Level 1 - Lift 2
147,narrm ngarrgu Library - Level 1 - Meeting Room Lift 1,narrLibMRL1_T,2023-10-23,,Indoor,A,,,-37.80769805,144.95832131,"-37.80769805, 144.95832131",narrm ngarrgu Library - Level 1 - Meeting Room Lift 1
152,narrm ngarrgu Library - Level 2 - Study Area Lifts 1,narrLibL2S1_T,2023-10-23,,Indoor,A,,,-37.80776728,144.95843977,"-37.80776728, 144.95843977",narrm ngarrgu Library - Level 2 - Study Area Lifts 1
162,iHub 489 Elizabeth Street,Eli489_T,2024-07-01,,Outdoor,A,North,South,-37.80740397,144.95987909,"-37.80740397, 144.95987909",iHub 489 Elizabeth Street
166,484 Spencer Street,Spen484_T,2024-09-25,Former sensor 227 Bourke Street – City Lab,Outdoor,A,North,South,-37.80896733,144.94931703,"-37.80896733, 144.94931703",484 Spencer Street
167,I-Hub 526 La Trobe Street (Crossing),Lat526_T,2024-08-14,,Outdoor,A,North,South,-37.81304149,144.95155955,"-37.81304149, 144.95155955",526 La Trobe Street (Crossing)
179,61-67 Power Street Southbank,Pow61_T,2024-12-19,,Outdoor,A,North,South,-37.82392385,144.96299677,"-37.82392385, 144.96299677",61-67 Power Street Southbank
182,163 King Street,King163_T,2025-04-11,,Outdoor,A,North,South,-37.81627451,144.95550503,"-37.81627451, 144.95550503",163 King Street
184,124 Elizabeth Street,Eli124_T,2025-06-28,,Outdoor,A,North,South,-37.81512416,144.96371988,"-37.81512416, 144.96371988",124 Elizabeth Street
187,RMIT Building 22 - 330 Swanston Street,Swa330_T,2025-10-18,,Outdoor,A,East,West,-37.80942561,144.96395473,"-37.80942561, 144.96395473",Royal Melbourne Institute of Technology Building 22 - 330 Swanston Street
