Location_ID,total_2025,hours_recorded
1,7360021,7517
2,5473651,8734
3,9515455,8759
4,13586917,8759
5,9667018,8754
6,3509708,8696
8,1858904,7899
9,4594134,8737
10,870656,8435
11,1164788,8498
12,1877087,8415
14,2829657,8141
17,3147651,8747
18,1928404,8367
19,4576377,8377
20,3108541,8753
21,3439131,8755
23,3054724,8758
24,7839042,8680
25,6240015,8682
27,1375095,8720
28,5548679,7554
29,3358756,8672
30,3684457,8759
31,1829472,8733
35,11670690,8759
36,1985256,8753
37,597768,6500
39,770267,7914
40,1924222,8658
41,14108851,8756
42,1604152,7932
43,1391950,8395
44,660065,8077
45,6279721,8400
46,641239,6862
47,7971626,8759
48,2185563,6113
49,3255920,8759
50,1873098,8653
51,1093573,8756
52,3245639,8753
53,4819213,8752
54,1567883,8681
56,3678868,8630
58,6000562,8758
59,6111033,8759
61,4644400,8757
62,2440303,8759
63,3576557,8719
66,10526946,8759
67,4331099,8753
68,2611722,8231
69,1881330,8337
70,1385177,8488
71,178820,8398
72,2841860,8713
75,537098,8160
76,510200,7882
77,1775057,8717
78,582163,8424
79,4823050,8759
84,10635950,8758
85,757419,8003
86,514414,8115
87,992047,8534
107,1390971,8744
108,4067258,8756
109,1606467,8746
117,2054766,8728
118,223722,7444
123,349663,6070
124,40787,4343
130,472631,7571
131,1263947,7679
132,1536306,8758
133,5571993,8759
134,4465504,8759
135,4159340,8755
136,1429164,7373
137,443737,7076
138,64834,5542
139,753292,8355
140,716401,5023
141,1600760,8568
142,3562050,7308
143,2370396,8623
161,2128007,7013
162,4240348,8755
164,1036362,8663
165,402988,8359
166,477183,8153
167,510517,8548
179,673574,8692
180,293454,5791
181,6831468,6734
182,1924552,6327
184,4366786,4477
185,3425891,4460
187,395915,1762
188,114947,1428
209,6375159,8759
