weekday,hour,total_count,sensor_hours
Friday,0,337469,4604
Friday,1,191523,4405
Friday,2,114144,4143
Friday,3,86050,4090
Friday,4,77589,4159
Friday,5,150039,4648
Friday,6,460908,4977
Friday,7,998454,5092
Friday,8,2126219,5095
Friday,9,2082259,5098
Friday,10,2288603,5094
Friday,11,2785568,5098
Friday,12,3759692,5095
Friday,13,3822405,5089
Friday,14,3498000,5076
Friday,15,3514535,5073
Friday,16,3789225,5076
Friday,17,4336042,5070
Friday,18,3830207,5020
Friday,19,3224155,4983
Friday,20,2681756,4930
Friday,21,2383124,4898
Friday,22,2084717,4886
Friday,23,1406972,4879
Monday,0,247725,4498
Monday,1,131494,4224
Monday,2,80588,4061
Monday,3,63217,3927
Monday,4,63218,4088
Monday,5,135664,4621
Monday,6,430498,4944
Monday,7,1066124,5068
Monday,8,2319591,5072
Monday,9,1933237,5068
Monday,10,2039238,5078
Monday,11,2442571,5080
Monday,12,3568798,5086
Monday,13,3595397,5075
Monday,14,3113589,5062
Monday,15,3095935,5060
Monday,16,3439320,5059
Monday,17,3959831,5057
Monday,18,2870126,5006
Monday,19,2082603,4950
Monday,20,1644679,4899
Monday,21,1294379,4842
Monday,22,826491,4809
Monday,23,423411,4693
Saturday,0,724744,4698
Saturday,1,429182,4618
Saturday,2,269953,4475
Saturday,3,197167,4328
Saturday,4,120604,4216
Saturday,5,113692,4425
Saturday,6,227690,4896
Saturday,7,459602,5061
Saturday,8,880686,5089
Saturday,9,1563138,5095
Saturday,10,2297272,5094
Saturday,11,3072256,5096
Saturday,12,3626938,5097
Saturday,13,3884350,5090
Saturday,14,3903812,5081
Saturday,15,4036202,5077
Saturday,16,4063123,5079
Saturday,17,3833961,5079
Saturday,18,3672587,5032
Saturday,19,3285318,4990
Saturday,20,2671486,4940
Saturday,21,2346616,4892
Saturday,22,2180962,4916
Saturday,23,1558368,4880
Sunday,0,849898,4764
Sunday,1,532374,4630
Sunday,2,341278,4419
Sunday,3,261270,4406
Sunday,4,161338,4220
Sunday,5,143700,4373
Sunday,6,219401,4861
Sunday,7,474929,5078
Sunday,8,801612,5097
Sunday,9,1430524,5093
Sunday,10,2150463,5097
Sunday,11,2841322,5096
Sunday,12,3398038,5097
Sunday,13,3691592,5067
Sunday,14,3744361,5045
Sunday,15,3530374,5047
Sunday,16,3291711,5045
Sunday,17,2946186,5045
Sunday,18,2642055,4992
Sunday,19,2192599,4958
Sunday,20,1778251,4903
Sunday,21,1416444,4821
Sunday,22,969642,4817
Sunday,23,548030,4740
Thursday,0,246362,4558
Thursday,1,129900,4280
Thursday,2,76529,4069
Thursday,3,56077,3972
Thursday,4,58893,4106
Thursday,5,149989,4661
Thursday,6,518106,4984
Thursday,7,1293433,5086
Thursday,8,2901623,5087
Thursday,9,2343991,5092
Thursday,10,2229894,5091
Thursday,11,2695664,5092
Thursday,12,4041304,5093
Thursday,13,4004175,5087
Thursday,14,3401165,5074
Thursday,15,3444871,5077
Thursday,16,3950466,5076
Thursday,17,4804825,5076
Thursday,18,3619602,5027
Thursday,19,2680413,4972
Thursday,20,2162277,4931
Thursday,21,1866603,4879
Thursday,22,1386907,4882
Thursday,23,741566,4825
Tuesday,0,199330,4510
Tuesday,1,109951,4225
Tuesday,2,65332,3987
Tuesday,3,48826,3892
Tuesday,4,51833,3992
Tuesday,5,142175,4604
Tuesday,6,517764,4977
Tuesday,7,1307862,5073
Tuesday,8,2896444,5086
Tuesday,9,2269062,5090
Tuesday,10,2141847,5096
Tuesday,11,2552910,5095
Tuesday,12,3894817,5100
Tuesday,13,3818487,5092
Tuesday,14,3222297,5077
Tuesday,15,3271181,5078
Tuesday,16,3727113,5074
Tuesday,17,4492326,5075
Tuesday,18,3191734,5014
Tuesday,19,2269013,4959
Tuesday,20,1806420,4926
Tuesday,21,1438930,4855
Tuesday,22,955839,4845
Tuesday,23,504097,4744
Wednesday,0,326489,4614
Wednesday,1,201157,4348
Wednesday,2,103989,4118
Wednesday,3,71642,3980
Wednesday,4,65690,4193
Wednesday,5,154448,4778
Wednesday,6,539332,5084
Wednesday,7,1316013,5173
Wednesday,8,2851435,5179
Wednesday,9,2243203,5180
Wednesday,10,2177833,5193
Wednesday,11,2652993,5194
Wednesday,12,3946837,5198
Wednesday,13,3870705,5187
Wednesday,14,3269425,5170
Wednesday,15,3370276,5171
Wednesday,16,3894395,5172
Wednesday,17,4682176,5169
Wednesday,18,3480545,5116
Wednesday,19,2528114,5056
Wednesday,20,2046449,5010
Wednesday,21,1713886,4946
Wednesday,22,1202918,4948
Wednesday,23,677596,4867
